"City","Restaurant","Wine Name","Region","State","Country","Wine Type","Body","Brand","Producer","Varietal","Taste Profile","Typical Vintage","Price","Sources","is_wine","wine_name","producer","vintage","varietal","body","region","country","price"
"Boston","La_Royal","WINE SPARKLING Vita Vivet Sparkling, Cava Brut nature, Catalonia, SP 14","Catalonia","","Spain","WINE SPARKLING","Medium","Vita Vivet Sparkling","Vita Vivet","Cava Brut nature","Crisp, Fruity, Dry","14","","Direct from Winery","yes","Vita Vivet Sparkling","Boston La_Royal","14","Cava Brut nature","Medium","Catalonia","Spain","Direct from Winery"
"Boston","La_Royal","‘22 Passionate Wines, Del Mono Blanco Sauvignon Blanc, AR 13","Mendoza","","AR","Sauvignon Blanc","Medium","22 Passionate Wines","22 Passionate Wines","Sauvignon Blanc","Crisp, Fresh, Fruity","22","","Winery Direct","yes","Del Mono Blanco Sauvignon Blanc","22 Passionate Wines","2022","Sauvignon Blanc","Medium","Mendoza","AR","Winery Direct"
"Boston","Blue_Nile","—  Sauvignon Blanc  — Monte Xanic 2021, Baja California, Mexico $ 13","Baja California","","Mexico","Sauvignon Blanc","Light","Monte Xanic","Monte Xanic","Sauvignon Blanc","Crisp, Fresh, Fruity","2021","$ 13","Restaurant Wine List","yes","Boston Blue_Nile","Monte Xanic","2021","Sauvignon Blanc","Light","Baja California","Mexico","$13"
"Boston","Blue_Nile","—  Pinot Grigio  — Scarpetta Friuli-Venezia Giulia, Italy $ 14","Friuli-Venezia Giulia","","Italy","Pinot Grigio","Light","Scarpetta","Scarpetta","Pinot Grigio","Crisp and fruity","2018","$ 14","Blue Nile Restaurant","yes","Boston Blue_Nile","Scarpetta","2018","Pinot Grigio","Light","Friuli-Venezia Giulia","Italy","$14"
"Boston","Blue_Nile","—  Chardonnay  — Jordan 2020, California $ 19","Sonoma County","California","USA","Chardonnay","Medium","Jordan","Jordan Vineyard & Winery","Chardonnay","Crisp and Balanced","2020","$ 19","Jordan Vineyard & Winery",,,,,,,,,
"Boston","Blue_Nile","—  Cabernet Sauvignon  — Bonanza by Caymus, California $ 16","Napa Valley","California","USA","Cabernet Sauvignon","Full-bodied","Bonanza by Caymus","Caymus Vineyards","Cabernet Sauvignon","Rich, dark fruit flavors with a hint of spice","2018","$ 16","","yes","Boston Blue_Nile","Caymus Vineyards","2018","Cabernet Sauvignon","Full-bodied","Napa Valley","USA","$16"
"Boston","Blue_Nile","—  Pinot Noir  — Tripper 2020, Elkton, Oregon $ 12","Elkton","Oregon","USA","Pinot Noir","","Tripper","","Pinot Noir","","2020","$ 12","","yes","Boston Blue_Nile","Tripper","2020","Pinot Noir","Not mentioned","Elkton","USA","$12"
"Boston","Toro","Familia Torres Tempranillo Crianza Rioja 2019","Rioja","","Spain","Red","Medium","Familia Torres","Familia Torres","Tempranillo","Fruity","2019","","","yes","Boston Toro Familia Torres Tempranillo Crianza Rioja","Familia Torres","2019","Tempranillo","Medium","Rioja","Spain",
"Boston","Toro","Partida Creus ""VN"" Sparkling Red Pet Nat Catalunya 2021","Catalunya","","Spain","Sparkling Red","Medium","Partida Creus","Partida Creus","Pet Nat","Fruity, Earthy, and Spicy","2021","","Winery Direct","yes","Boston Toro Partida Creus ""VN"" Sparkling Red Pet Nat","Partida Creus","2021","Sparkling Red","Medium","Catalunya","Spain","Winery Direct"
"Boston","Toro","Gramona ""Gessami"" Sauvignon Blanc Penedès 2022","Penedès","","Spain","White","Light","Gramona","Gramona","Sauvignon Blanc","Crisp, Fruity, and Floral","2022","","Winery Direct","yes","Boston Toro Gramona ""Gessami""","Gramona","2022","Sauvignon Blanc","Light","Penedès","Spain","Winery Direct"
"Boston","Toro","MicroBio ""Correcaminos"" Tempranillo/Verdejo Castillo y León 2022","Castillo y León","","Spain","Red","Medium","MicroBio","MicroBio Wines","Tempranillo/Verdejo","Fruity and Spicy","2022","","Winery Direct","yes","Boston Toro MicroBio 'Correcaminos'","MicroBio Wines","2022","Tempranillo/Verdejo","Medium","Castillo y León","Spain","Winery Direct"
"Boston","Toro","Cosmic ""Gratitud"" Cabernet Franc + Catalonia 2023","Catalonia","","Spain","Cabernet Franc","Medium","Cosmic","Cosmic Vinyaters","Cabernet Franc","Fruity and Spicy","2023","","Direct from winery","yes","Boston Toro Cosmic 'Gratitud' Cabernet Franc + Catalonia","Cosmic Vinyaters","2023","Cabernet Franc","Medium","Catalonia","Spain","Direct from winery"
"Boston","Toro","Luberri Gran Reserva Tempranillo Rioja 2015","Rioja","","Spain","Red","Full","Luberri","Luberri","Tempranillo","Fruity","2015","","","yes","Boston Toro Luberri Gran Reserva Tempranillo Rioja","Luberri","2015","Tempranillo","Full","Rioja","Spain",
"Boston","Toro","Vall Llach ""Embruix"" Cabernet + Rioja 2019","Priorat","Catalonia","Spain","Red","Full","Vall Llach","Vall Llach","Cabernet","Fruity","2019","","","yes","Embruix","Vall Llach","2019","Cabernet + Rioja","Full","Priorat Catalonia","Spain",
"Boston","Toro","Pingus ""PSI"" Tempranillo Ribera del Duero 2023","Ribera del Duero","Massachusetts","Spain","Red","Full","Pingus","Pingus","Tempranillo","Dark Fruit, Leather, Tobacco","2023","","Winery Direct","yes","Boston Toro Pingus 'PSI' Tempranillo Ribera del Duero","Pingus","2023","Tempranillo","Full","Ribera del Duero","Spain","Winery Direct"
"Boston","Toro","Vina Alberdi Tempranillo Reserva Rioja 2019","Rioja","","Spain","Red","Medium","Vina Alberdi","La Rioja Alta","Tempranillo","Fruity","2019","","","yes","Boston Toro Vina Alberdi Tempranillo Reserva Rioja","Vina Alberdi La Rioja Alta","2019","Tempranillo","Medium","Rioja","Spain",
"Boston","Comfort_Kitchen","Coffee, Espresso, Tea, and Sparkling Waters beverage menu V Vegetarian | VG/VGO Vegan or w/ modification |","","Massachusetts","USA","","","","","","","","","",,,,,,,,,
"Boston","Merengue_Restaurant","Agua Mineral Sparkling Mineral Water $3.00","","Massachusetts","USA","Sparkling Water","Light","Agua Mineral","Agua Mineral","Mineral Water","Crisp, Refreshing","","$3.00","","no",,,,,,,,
"Boston","Merengue_Restaurant","Vino Blanco/White Wine Chardonnay (Yellow Tail, Australia) Glass $8.00","South Eastern Australia","","Australia","White Wine","Medium","Yellow Tail","Casella Family Brands","Chardonnay","Fruity","2019","$8.00","Yellow Tail official website","yes","Vino Blanco/White Wine Chardonnay","Yellow Tail Casella Family Brands","2019","Chardonnay","Medium","South Eastern Australia","Australia","$8.00"
"Boston","Merengue_Restaurant","Pinot Grigio ( Esperto, California ) Glass $10.00","Napa Valley","California","USA","Pinot Grigio","Light","Esperto","Esperto Winery","Pinot Grigio","Crisp, Light, Fruity","2018","$10.00","Esperto Winery",,,,,,,,,
"Boston","Merengue_Restaurant","Riesling ( Frisk, Australia ) Glass $10.00","Victoria","Victoria","Australia","Riesling","Light","Frisk","Frisk Wines","Riesling","Crisp, Fruity, and Slightly Sweet","2018","$10.00","Frisk Wines Official Website",,,,,,,,,
"Boston","Merengue_Restaurant","Bubbles Prosecco (La Marca, Italy) Bottle $50.00","Veneto","","Italy","Prosecco","Light","La Marca","La Marca","Glera","Fruity and Floral","Non-Vintage","$50.00","","yes","Bubbles Prosecco","La Marca","Non-Vintage","Prosecco","Light","Veneto","Italy","$50.00"
"Boston","Merengue_Restaurant","Vino Tinto/Red Wine Merlot ( Yellow Tail, Australia ) Glass $8.00","South Eastern Australia","","Australia","Red Wine","Medium","Yellow Tail","Casella Family Brands","Merlot","Fruity","2018","$8.00","Winery Direct","yes","Vino Tinto/Red Wine Merlot","Yellow Tail Casella Family Brands","2018","Merlot","Medium","South Eastern Australia","Australia","$8.00"
"Boston","Merengue_Restaurant","Pinot Noir ( Cono Sur Bicicleta, Chile ) Glass $10.00","Valle Central","","Chile","Pinot Noir","Medium","Cono Sur Bicicleta","Cono Sur Vineyards & Winery","Pinot Noir","Fruity, Light, Dry","2018","$10.00","https://www.conosur.com/wines/bicicleta/pinot-noir/","yes","Boston Merengue_Restaurant Pinot Noir","Cono Sur Vineyards & Winery","2018","Pinot Noir","Medium","Valle Central","Chile","$10.00"
"Boston","Merengue_Restaurant","Cabernet Sauvignon ( Yellow Tail, Australia ) Glass $8.00","South Eastern Australia","","Australia","Cabernet Sauvignon","Full-bodied","Yellow Tail","Casella Family Brands","Cabernet Sauvignon","Blackberry, chocolate and luscious vanilla","2018","$8.00","Winery official website","yes","Boston Merengue_Restaurant Cabernet Sauvignon","Yellow Tail Casella Family Brands","2018","Cabernet Sauvignon","Full-bodied","South Eastern Australia","Australia","$8.00"
"Boston","Merengue_Restaurant","Chismosas La Marca Prosecco (mini bottle) and Passion Fruit Juice $16.00","Veneto","","Italy","Prosecco","Light","La Marca","Chismosas","Glera","Fruity","Non-Vintage","$16.00","","yes","La Marca Prosecco","La Marca","Non-Vintage","Prosecco","Light","Veneto","Italy","$16.00"
"Boston","Sarma","RIPTIDE irish whiskey, bourbon, braulio, rosemary, thyme, sage, lemon TEMPORARY LOVE sarma rum, fenugreek, sesame orgeat, banana, lime, cinnamon","Kentucky, USA","Kentucky","USA","Whiskey","Full-bodied","RIPTIDE","","Bourbon","Herbaceous, Citrus, Spicy","","","Sarma Restaurant","no",,,,,,,,
"Austin","Arriba_Abajo","Mule Vodka and ginger beer with a squeeze of lime Choose a flavor: strawberry basil, pineapple epazote, cucumber mint, blood-orange rosemary","","Texas","United States","Cocktail","Light","Mule Vodka","Mule Vodka","Vodka","ginger beer with a squeeze of lime","","","","no",,,,,,,,
"Austin","Arriba_Abajo","Vinos Poema Cava Pazo Das Bruxas Albarino Routestock Chardonnay La Fete Rose Cline Seven Ranchlands Pinot Noir","Various","Texas","USA","Mixed","Various","Vinos Poema Cava Pazo Das Bruxas Albarino Routestock Chardonnay La Fete Rose Cline Seven Ranchlands Pinot Noir","Various","Various","Various","Various","","Arriba_Abajo Restaurant Wine List",,,,,,,,,
"Austin","Arriba_Abajo","Angeline Cabernet Zero-Proof Luchador Limonada NA gin, cucumber, lime, mint, Lyre’s classico NA sparkling","California","California","USA","Non-Alcoholic","Medium","Angeline Cabernet Zero-Proof Luchador Limonada NA gin, cucumber, lime, mint, Lyre’s classico NA sparkling","Angeline Vineyards","Cabernet Sauvignon","Fruity, Citrus, Minty","","","","yes","Angeline Cabernet Zero-Proof Luchador Limonada","Angeline Vineyards","NA","Cabernet Sauvignon","Medium","California","USA","NA"
"Austin","Arriba_Abajo","Mule Vodka and ginger beer with a squeeze of lime Choose a flavor: strawberry basil, pineapple epazote, cucumber mint, blood-orange rosemary","","Texas","USA","Cocktail","Light","Mule Vodka","Mule Vodka","Vodka","ginger beer with a squeeze of lime","","","","no",,,,,,,,
"Austin","Arriba_Abajo","Poema Cava Pazo das Bruxas Albarino RouteStock Chardonnay La Fete Rose Cline Seven Ranchlands Pinot Noir","Various","Texas","USA","Mixed","Various","Various","Various","Albarino, Chardonnay, Pinot Noir","Various","Various","","Arriba_Abajo Restaurant Wine List","yes","Austin Arriba_Abajo Poema Cava Pazo das Bruxas Albarino RouteStock Chardonnay La Fete Rose Cline Seven Ranchlands Pinot Noir","Various","Various","Albarino, Chardonnay, Pinot Noir","Various","Various","USA","Various"
"Austin","Arriba_Abajo","Angeline Cabernet Zero-Proof Luchador Limonada NA gin, cucumber, lime, mint, Lyre’s classico NA sparkling","California","California","United States","Non-Alcoholic","Medium","Angeline Cabernet Zero-Proof Luchador Limonada NA gin, cucumber, lime, mint, Lyre’s classico NA sparkling","Angeline Vineyards","Cabernet Sauvignon","Fruity, Citrus, Mint","","","","yes","Angeline Cabernet Zero-Proof Luchador Limonada","Angeline Vineyards","NA","Cabernet Sauvignon","Medium","California","United States","NA"
"Austin","Group_Therapy","CUCUMBER BASIL SPRITZ Hornitos Blanco | Cucumber | Basil | Lime | St~Germain | La Marca Prosecco","Veneto","Texas","Italy","Prosecco","Light","La Marca","La Marca","Glera","Fruity and Floral","Non-Vintage","","","yes","Austin Group_Therapy CUCUMBER BASIL SPRITZ","La Marca","Non-Vintage","Prosecco","Light","Veneto","Italy",
"Austin","Group_Therapy","BUBBLES LA MARCA, ITALY PROSECCO 16./64.","Veneto","","Italy","Prosecco","Light","Bubbles La Marca","La Marca","Glera","Fruity and Floral","Non-Vintage","16./64.","","yes","Therapy BUBBLES LA MARCA","Austin Group","Non-Vintage","Prosecco","Light","Veneto","Italy","16./64."
"Austin","Group_Therapy","TORRESELLA, ITALY PROSECCO 18./72.","Torresella","","Italy","Prosecco","Light","Torresella","Torresella","Glera","Fruity and Floral","18./72.","","Winery Direct","yes","Torresella Prosecco","Austin Group_Therapy","Not mentioned","Glera","Light","Torresella","Italy","18./72."
"Austin","Group_Therapy","HAMPTON WATER, SOUTH OF FRANCE SPARKLING ROSÉ 20./80.","South of France","Texas","France","Sparkling Rosé","Light","Hampton Water","Hampton Water Wine Co","Grenache, Cinsault, Mourvèdre, Syrah","Fruity and Crisp","20./80.","","Winery Direct","yes","Austin Group_Therapy HAMPTON WATER, SOUTH OF FRANCE SPARKLING ROSÉ","Hampton Water Wine Co","20./80.","Grenache, Cinsault, Mourvèdre, Syrah","Light","South of France Texas","France","20./80."
"Austin","Group_Therapy","WHITE WINE DAOU, PASO ROBLES CHARDONNAY 16./56.","Paso Robles","California","USA","White","Medium","Daou","Daou Vineyards","Chardonnay","Fruity and Crisp","2016","56","Daou Vineyards Official Website",,,,,,,,,
"Austin","Group_Therapy","CHATEAU STE MICHELLE, CANOE RIDGE, WASHINGTON CHARDONNAY 18./63.","Canoe Ridge","Washington","USA","Chardonnay","Medium","Chateau Ste Michelle","Chateau Ste Michelle","Chardonnay","Crisp, fruity with hints of apple and pear","2018","63","Chateau Ste Michelle Winery",,,,,,,,,
"Austin","Group_Therapy","HARTFORD COURT, RUSSIAN RIVER CHARDONNAY 22./77.","Russian River","California","USA","Chardonnay","Medium","Hartford Court","Hartford Family Winery","Chardonnay","Citrus, Apple, Oak","22/77","","Winery Direct","yes","Austin Group_Therapy HARTFORD COURT, RUSSIAN RIVER CHARDONNAY","Hartford Family Winery","22./77","Chardonnay","Medium","Russian River","USA","22/77"
"Austin","Group_Therapy","CAKEBREAD, NAPPA CHARDONNAY 25./88.","Napa","California","USA","White","Medium","Cakebread","Cakebread Cellars","Chardonnay","Fruity","2018","25/88","","yes","Austin Group_Therapy CAKEBREAD, NAPPA CHARDONNAY","Cakebread Cellars","2018","Chardonnay","Medium","Napa","USA","25/88"
"Austin","Group_Therapy","MAHUA, NEW ZEALAND SAUVIGNON BLANC 18./63.","Mahua","","New Zealand","Sauvignon Blanc","Light","Mahua","Mahua Vineyards","Sauvignon Blanc","Crisp, Fresh, Fruity","18","63","Mahua Vineyards","yes","Mahua New Zealand Sauvignon Blanc","Austin Group_Therapy","18","Sauvignon Blanc","Light","Mahua","New Zealand","63"
"Austin","Group_Therapy","ROMBAUER, NAPPA SAUVIGNON BLANC 20./70.","Nappa","California","USA","Sauvignon Blanc","Medium","Rombauer","Rombauer Vineyards","Sauvignon Blanc","Crisp, Fresh, Fruity","20","70","Rombauer Vineyards",,,,,,,,,
"Austin","Group_Therapy","CLOUDY BAY, NEW ZEALAND SAUVIGNON BLANC 24./84.","Marlborough","Texas","New Zealand","White","Light","Cloudy Bay","Cloudy Bay Vineyards","Sauvignon Blanc","Crisp, Tropical, Citrus","2019","24./84.","","yes","Austin Group_Therapy CLOUDY BAY","Cloudy Bay Vineyards","2019","Sauvignon Blanc","Light","Marlborough Texas","New Zealand","24./84."
"Austin","Group_Therapy","EROICA, COLUMBIA VALLEY, WASHINGTON RIESLING 16./56.","Columbia Valley","Washington","USA","Riesling","Medium","Eroica","Chateau Ste. Michelle & Dr. Loosen","Riesling","Crisp, fruity, and slightly sweet","2016","56","Winery Direct",,,,,,,,,
"Austin","Group_Therapy","RUFFINO, LUMINA, ITALY PINOT GRIGIO 14./49.","Tuscany","","Italy","Pinot Grigio","Light","Ruffino","Lumina","Pinot Grigio","Crisp, Fresh, Fruity","14","49","Ruffino Winery","yes","Ruffino Lumina Pinot Grigio","Ruffino Winery","14","Pinot Grigio","Light","Tuscany","Italy","49"
"Austin","Group_Therapy","J VINEYARDS & WINERY, CALIFORNIA PINOT GRIS 16./56.","Sonoma County","California","USA","Pinot Gris","Medium","J Vineyards & Winery","J Vineyards & Winery","Pinot Gris","Crisp and fruity with a touch of honey","2016","56","Winery Direct",,,,,,,,,
"Austin","Group_Therapy","BANFI, SAN PAOLO, ITALY PINOT GRIGIO 18./63.","San Paolo","","Italy","Pinot Grigio","Light","Banfi","Banfi","Pinot Grigio","Crisp and Refreshing","2018","18./63.","","yes","Austin Group_Therapy BANFI","Banfi","2018","Pinot Grigio","Light","San Paolo","Italy","18./63."
"Austin","Group_Therapy","SANTA margherita, ITALY PINOT GRIGIO 20./70.","Santa Margherita","Trentino-Alto Adige","Italy","Pinot Grigio","Light","Santa Margherita","Santa Margherita","Pinot Grigio","Crisp, Dry, Light-bodied","20./70.","","Santa Margherita Winery","yes","Santa Margherita Pinot Grigio","Santa Margherita Winery","Not mentioned","Pinot Grigio","Light-bodied","Trentino-Alto Adige","Italy","20./70."
"Austin","Group_Therapy","RED WINE BLACK STALLION, NORTH COAST CABERNET SAUVIGNON 18./63.","North Coast","California","USA","Red Wine","Full-bodied","Black Stallion","Black Stallion Estate Winery","Cabernet Sauvignon","Dark fruit, oak, and spice","2018","63","Winery Direct",,,,,,,,,
"Austin","Group_Therapy","BEZEL BY CAKEBREAD, PASO ROBLES CABERNET SAUVIGNON 20./70.","Paso Robles","California","USA","Red","Full","Bezel by Cakebread","Cakebread Cellars","Cabernet Sauvignon","Rich and fruity with notes of blackberry, plum, and cassis, balanced by a touch of oak and tannin","20./70.","","Winery and various online wine retailers","yes","Austin Group_Therapy BEZEL BY CAKEBREAD, PASO ROBLES CABERNET SAUVIGNON","Cakebread Cellars","20./70.","Cabernet Sauvignon","Full","Paso Robles","USA","20./70."
"Austin","Group_Therapy","BV, NAPA CABERNET SAUVIGNON 25./88.","Napa","California","USA","Red","Full","BV","Beaulieu Vineyard","Cabernet Sauvignon","Rich and intense with flavors of blackberry, cherry, and spice","1988","25","Wine-Searcher",,,,,,,,,
"Austin","Group_Therapy","FAUST, NAPA CABERNET SAUVIGNON 34./119.","Napa","California","USA","Red","Full","Faust","Faust","Cabernet Sauvignon","Rich and fruity","2018","34/119","","yes","Faust Cabernet Sauvignon","Austin Group_Therapy FAUST","2018","NAPA CABERNET SAUVIGNON","Full","Napa","USA","34/119"
"Austin","Group_Therapy","JUSTIN, JUSTIFICATION, PASO ROBLES CABERNET FRANC BLEND 35./124.","Paso Robles","California","USA","Red","Full","Justin","Justin Vineyards & Winery","Cabernet Franc Blend","Rich and fruity with notes of black cherry, plum, and spice","2017","35./124.","","yes","Austin Group_Therapy JUSTIN, JUSTIFICATION, PASO ROBLES CABERNET FRANC BLEND","Justin Vineyards & Winery","2017","Cabernet Franc Blend","Full","Paso Robles","USA","35./124."
"Austin","Group_Therapy","ELOUAN, OREGON PINOT NOIR 18./63.","Willamette Valley","Oregon","USA","Pinot Noir","Medium","Elouan","Elouan","Pinot Noir","Fruity, Earthy, Lightly Spiced","2018","63","Elouan Winery",,,,,,,,,
"Austin","Group_Therapy","DIORA, LA PETITE GRACE, MONTEREY PINOT NOIR 20./70.","Monterey","California","USA","Red","Medium","Diora","Diora","Pinot Noir","Fruity","2017","$20.70","","yes","Diora, La Petite Grace, Monterey Pinot Noir","Austin Group_Therapy","2017","Pinot Noir","Medium","Monterey","USA","$20.70"
"Austin","Group_Therapy","THE CALLING, MONTEREY PINOT NOIR 22./77.","Monterey","California","USA","Red","Medium","The Calling","The Calling Vineyards","Pinot Noir","Fruity, Earthy, Light","2017","22.77","Wine.com",,,,,,,,,
"Austin","Group_Therapy","ETUDE, NAPA PINOT NOIR 25./88.","Napa","California","USA","Red","Medium","Etude","Etude Wines","Pinot Noir","Fruity, Earthy, Spicy","2016","25/88","Winery Direct",,,,,,,,,
"Austin","Group_Therapy","FERRARI-CARANO, SONOMA MERLOT 16./56.","Sonoma","California","USA","Merlot","Medium","Ferrari-Carano","Ferrari-Carano","Merlot","Fruity, with notes of plum, black cherry, and spice","2016","56","Winery Direct",,,,,,,,,
"Austin","Group_Therapy","PENFOLDS, BIN 389, AUSTRALIA CABERNET-SHIRAZ BLEND 24./84.","South Australia","South Australia","Australia","Red","Full-bodied","Penfolds","Penfolds Wines","Cabernet-Shiraz Blend","Rich and complex with notes of blackberry, plum, and spice","1984","","Penfolds official website","yes","Austin Group_Therapy PENFOLDS, BIN 389","Penfolds Wines","1984","Cabernet-Shiraz Blend","Full-bodied","South Australia","Australia","24./84."
"Austin","Group_Therapy","ROLUS SPARKLING HYDRATION 340ML 6.","California","California","USA","Sparkling Wine","Light","ROLUS SPARKLING HYDRATION","Rolus Winery","Chardonnay","Crisp, Fresh, Fruity","2018","","Direct from Winery","yes","Austin Group_Therapy ROLUS SPARKLING HYDRATION","Rolus Winery","2018","Chardonnay","Light","California","USA","Direct from Winery"
"Austin","Paperboy","Paperboy Paloma Blanco Tequila","Jalisco","Jalisco","Mexico","Tequila","Medium","Paperboy","Paperboy","Blue Agave","Grapefruit, Rosemary","","","Paperboy Restaurant Menu",,,,,,,,,
"Austin","Paperboy","sage advice lemon, sage, rambler, sugar rim  10SPARKLING torre oria brut cava spain  10 / 42","Valencia","","Spain","Sparkling","Medium","Torre Oria","Torre Oria","Cava","Lemon, Sage, Rambler, Sugar Rim","","10 / 42","","yes","Torre Oria Cava","Torre Oria","Not mentioned","Cava","Medium","Valencia","Spain","10 / 42"
"Austin","Paperboy","cafe de paris brut rose france  12 / 48","Bordeaux","","France","Brut Rose","Light","Cafe de Paris","Cafe de Paris","Pinot Noir","Fruity and Crisp","2018","12 / 48","Wine Spectator","yes","Austin Paperboy cafe de paris brut rose","Cafe de Paris","2018","Pinot Noir","Light","Bordeaux","France","12 / 48"
"Austin","Nido","2 PREMIUM POURS                                           3oz |5oz Chardonnay  Louis Jadot, 1er Cru Pouilly-Fuisse, Burgundy, FR 2021 18 | 29","Burgundy","Texas","FR","Chardonnay","Medium","Louis Jadot","Louis Jadot","1er Cru Pouilly-Fuisse","Fruity and Rich","2021","18 | 29","Nido Restaurant Wine List",,,,,,,,,
"Austin","Nido","Cabernet Sauvignon  Cakebread , Napa, US, 2021 25 | 42","Napa","California","US","Cabernet Sauvignon","Full","Cakebread","Cakebread Cellars","Cabernet Sauvignon","Black Cherry, Black Currant, Cedar","2021","25 | 42","Winery Direct",,,,,,,,,
"Austin","Nido","SPARKLING & ROS É Prosecco Jeio, Conegliano Valdobbiadene, Veneto, IT  15","Conegliano Valdobbiadene","Veneto","IT","SPARKLING & ROS É Prosecco","Light","Jeio","Bisol","Glera","Fruity and Floral","15","","Winery Direct","yes","Austin Nido SPARKLING & ROS É Prosecco Jeio","Bisol","15","Glera","Light","Conegliano Valdobbiadene Veneto","IT","15 Winery Direct"
"Austin","Nido","Still Rosé Château Coupe Roses, Minervois, FR 18","Minervois","","FR","Still Rosé","Medium","Château Coupe Roses","Château Coupe Roses","Grenache","Fruity and Dry","18","","Winery Direct","yes","Austin Nido Still Rosé","Château Coupe Roses","18","Grenache","Medium","Minervois","FR","Winery Direct"
"Austin","Nido","Pinot Grigio  Nals Margreid “Hill” Alto Adige, IT 16","Alto Adige","","IT","Pinot Grigio","Medium","Nals Margreid","Nals Margreid","Pinot Grigio","Crisp and fruity with a hint of pear and apple","16","","Nals Margreid Winery","yes","Austin Nido Pinot Grigio Nals Margreid “Hill”","Nals Margreid Winery","16","Pinot Grigio","Medium","Alto Adige","IT","Not mentioned"
"Austin","Nido","Chardonnay  Camille & Laurent Schaller, Chablis, Burgundy, FR 19","Chablis","Texas","FR","Chardonnay","Medium","Camille & Laurent Schaller","Camille & Laurent Schaller","Chardonnay","Crisp and fruity with a hint of minerality","19","","Restaurant Wine List","yes","Austin Nido Chardonnay","Camille & Laurent Schaller","19","Chardonnay","Medium","Chablis, Burgundy","FR","Not mentioned"
"Austin","Nido","Sommelier Selection Rotates Weekly MKT RED Pinot Noir North Valley Vineyards, Willamette Valley, US 21","Willamette Valley","Oregon","US","RED","Medium","Sommelier Selection Rotates Weekly MKT","North Valley Vineyards","Pinot Noir","Fruity, Earthy, Light Tannin","2018","21","Restaurant Wine List",,,,,,,,,
"Austin","Nido","Tempranillo Marqués de Murrietta Reserva, Rioja, SP 20","Rioja","Texas","Spain","Tempranillo","Medium","Marqués de Murrietta Reserva","Marqués de Murrietta","Tempranillo","Fruity, Spicy, Medium-bodied","20","","Winery Direct","yes","Austin Nido Tempranillo Marqués de Murrietta Reserva","Marqués de Murrietta","20","Tempranillo","Medium","Rioja","Spain","20"
"Austin","Nido","Cabernet Sauvignon  Rowen, Sonoma County, US 23","Sonoma County","California","US","Red","Full","Rowen","Rowen Wine Company","Cabernet Sauvignon","Blackberry, Cherry, Vanilla, Oak","23","","Winery Direct","yes","Austin Nido Cabernet Sauvignon","Rowen Wine Company","23","Cabernet Sauvignon","Full","Sonoma County","US","23 Winery Direct"
"Austin","Nido","Sans-gria hibiscus, pomagranite, n/a sparkling wine12","N/A","Texas","USA","sparkling","Medium","Sans-gria","Sans-gria Winery","Blend","hibiscus, pomagranite","Non-vintage","","Restaurant Wine List","yes","Austin Nido Sans-gria","Sans-gria Winery","Non-vintage","Blend","Medium","N/A","USA","Restaurant Wine List"
"Austin","Nido","Win alcohol removed sparkling wine - Spain12 | 48","","Texas","Spain","alcohol removed sparkling wine","","Win","","","","","12 | 48","","yes","Austin Nido Win alcohol removed sparkling wine","Austin Nido Win","Unknown","Unknown","Unknown","Texas","Spain","12 | 48"
"Austin","Nido","6 Other Sparkling SPARKLING BLANCS Raventos i Blanc Blanc de Blanc  Brut, Penedes, Spain 2022  90","Penedes","Catalonia","Spain","Sparkling Blancs","Medium","Raventos i Blanc","Raventos i Blanc","Xarel-lo, Macabeo, Parellada","Fresh, Fruity, Mineral","2022","90","Winery Direct",,,,,,,,,
"Austin","Nido","SPARKLING ROSÉ Lost Draw Pet-Nat  Rosé  Pinot Meunier Texas High Plains 2022  65","Texas High Plains","Texas","USA","SPARKLING ROSÉ","Medium","Lost Draw","Lost Draw Cellars","Pinot Meunier","Fruity","2022","65","Nido Restaurant",,,,,,,,,
"Austin","Nido","Le Puy Rose-Marie, Francs-Côtes-de-Bordeaux,  France 2021  185","Francs-Côtes-de-Bordeaux","Texas","France","Red","Medium","Le Puy Rose-Marie","Château Le Puy","Merlot","Fruity and Spicy","2021","185","Wine-Searcher",,,,,,,,,
"Austin","Nido","7 New World whites OREGON CHARDONNAY Evening Land “Seven Springs” Eola-Amity Hills, 2021","Eola-Amity Hills","Oregon","USA","Chardonnay","Medium","Evening Land","Evening Land Vineyards","Chardonnay","Crisp, Citrus, Mineral","2021","98","Evening Land Vineyards official website",,,,,,,,,
"Austin","Nido","NORTH COAST CHARDONNAY Hirsch Vineyards, Sonoma Coast, 2021   195","North Coast","California","USA","Chardonnay","Medium","Hirsch Vineyards","Hirsch Vineyards","Chardonnay","Crisp, Fruity, Lightly Oaked","2021","195","Hirsch Vineyards",,,,,,,,,
"Austin","Nido","NAPA VALLEY CHARDONNAY Heitz Cellar “Quartz Creek” , 2019   189","Napa Valley","California","USA","Chardonnay","Medium","Heitz Cellar","Heitz Cellar","Chardonnay","Fruity, Crisp, Oaky","2019","189","Restaurant Wine List",,,,,,,,,
"Austin","Nido","CENTRAL COAST CHARDONNAY Donnachadh Estate  Santa Rita Hills, 2019   155","Central Coast","California","USA","Chardonnay","Medium","Donnachadh Estate","Donnachadh Estate","Chardonnay","Crisp, fruity with hints of apple and pear","2019","155","Restaurant Wine List",,,,,,,,,
"Austin","Nido","NEW ZEALAND Pyramid Valley Chardonnay, Cantebury, New Zealand, 2018   115","Cantebury","","New Zealand","Chardonnay","Medium","Pyramid Valley","Pyramid Valley","Chardonnay","Citrus, Apple, Mineral","2018","115","Restaurant Wine List","yes","Pyramid Valley Chardonnay","Austin Nido","2018","Chardonnay","Medium","Cantebury","New Zealand","115"
"Austin","Nido","Gladstone “Urlar” Sauvignon Blanc, New Zealand, 2019   72","Gladstone","","New Zealand","Sauvignon Blanc","Light","Urlar","Urlar","Sauvignon Blanc","Crisp, Fruity, Dry","2019","72","Restaurant Wine List","yes","Austin Nido Gladstone “Urlar” Sauvignon Blanc","Urlar","2019","Sauvignon Blanc","Light","Gladstone","New Zealand","72"
"Austin","Nido","De Forville Ca’ del Buc’ Chardonnay Piedmont 2023   68","Piedmont","Texas","USA","Chardonnay","Medium","De Forville Ca’ del Buc’","De Forville","Chardonnay","Fruity and Crisp","2023","68","Restaurant Wine List",,,,,,,,,
"Austin","Nido","OTHER ITALIAN Nels Margreid Hill Pinot Grigio Alto Adige, 2021   80","Alto Adige","","Italy","Pinot Grigio","Light","Nels Margreid Hill","Nels Margreid Hill","Pinot Grigio","Crisp and fruity with a hint of pear and apple","2021","80","Direct from vineyard","yes","Nels Margreid Hill Pinot Grigio","Austin Nido","2021","Pinot Grigio","Light","Alto Adige","Italy","80"
"Austin","Nido","Mosole Pinot Grigio Venezia, 2023                                                                       90","Venezia","Texas","Italy","Pinot Grigio","Light","Mosole","Mosole","Pinot Grigio","Crisp and fruity","2023","","Restaurant wine list","yes","Austin Nido Mosole Pinot Grigio Venezia","Mosole","2023","Pinot Grigio","Light","Venezia","Italy","Not mentioned"
"Austin","Nido","GERMANY Weingut Spreitzer, Estate Trocken Riesling, Rheingau 2020                                70","Rheingau","Texas","GERMANY","Riesling","Light","Weingut Spreitzer","Weingut Spreitzer","Riesling","Crisp, Mineral, Apple, Citrus","2020","70","Restaurant Wine List",,,,,,,,,
"Austin","Nido","JJ Prüm “Wehlener Sonnenuhr” Kabinett  Riesling, Mosel 2018   129","Mosel","Texas","Germany","Riesling","Light","JJ Prüm","JJ Prüm","Riesling","Fruity and Sweet","2018","129","","yes","Austin Nido JJ Prüm “Wehlener Sonnenuhr” Kabinett Riesling","JJ Prüm","2018","Riesling","Light","Mosel","Germany","129"
"Austin","Nido","Meulenhof “Wehleer Sonnenuhr” Auslese  Riesling, Mosel 2018   78","Mosel","Texas","Germany","Riesling","Medium","Meulenhof","Meulenhof","Riesling","Fruity and Sweet","2018","78","","yes","Austin Nido Meulenhof “Wehleer Sonnenuhr” Auslese Riesling","Meulenhof","2018","Riesling","Medium","Mosel","Germany","78"
"Austin","Nido","AUSTRIA Weixelbaum “Wahre Werte” Pinot Blanc Niederösterrich 2022   75","Niederösterrich","Texas","AUSTRIA","Pinot Blanc","Medium","Weixelbaum","Weixelbaum","Pinot Blanc","Fruity and Crisp","2022","75","Restaurant Wine List",,,,,,,,,
"Austin","Nido","Nigl “Piri” Trocken Riesling Kremstal 2017   68","Kremstal","Texas","Austria","White","Medium","Nigl","Nigl","Riesling","Dry, Crisp, Citrus, Mineral","2017","68","Winery Direct",,,,,,,,,
"Austin","Nido","HALF BOTTLE Lucien Crochet  Sauvignon Blanc Sancerre  2022  72","Sancerre","Texas","France","Sauvignon Blanc","Light","Lucien Crochet","Lucien Crochet","Sauvignon Blanc","Crisp and Fruity","2022","72","Nido Restaurant Wine List",,,,,,,,,
"Austin","Nido","OTHER FRANCE Le Puy Marie-Cécile  Sauvingnon Blanc Bordeaux Blanc 2022  235","Bordeaux","Texas","France","Bordeaux Blanc","Medium","Le Puy Marie-Cécile","OTHER FRANCE","Sauvignon Blanc","Crisp, Citrus, Light-bodied","2022","235","Winery Direct",,,,,,,,,
"Austin","Nido","Valentin Morel  Les Pieds sur Terre  Chardonnay  Les Trouillots   Jura 2019  135","Jura","Texas","USA","Chardonnay","Medium","Valentin Morel Les Pieds sur Terre","Valentin Morel","Chardonnay","Fruity and Crisp","2019","135","Restaurant Wine List",,,,,,,,,
"Austin","Nido","ALSACE Trimbach Grand Cru “Schlossberg”  Riesling,  2019   240","ALSACE","Texas","USA","Riesling","Medium","Trimbach Grand Cru “Schlossberg”","Trimbach","Riesling","Dry, Crisp, Mineral","2019","240","Restaurant Wine List",,,,,,,,,
"Austin","Nido","Trimbach “ Reserve”  Pinot Gris,  2017   95","Alsace","Grand Est","France","Pinot Gris","Medium-bodied","Trimbach","Maison Trimbach","Pinot Gris","Fruity and Spicy","2017","95","Wine-Searcher",,,,,,,,,
"Austin","Nido","Domaine Valentin Zusslin “ Schild” Riesling,  2020   90","Alsace","Grand Est","France","Riesling","Medium","Domaine Valentin Zusslin","Domaine Valentin Zusslin","Riesling","Fruity and Dry","2020","90","Winery Direct",,,,,,,,,
"Austin","Nido","Domaine Weinbach Riesling, 2020   78","Alsace","Grand Est","France","Riesling","Medium","Domaine Weinbach","Domaine Weinbach","Riesling","Dry, Fruity, Crisp","2020","78","Winery Direct",,,,,,,,,
"Austin","Nido","California re ds CABERNET Cakebread, Napa 2021                                               220","Napa","California","United States","Red","Full","Cakebread","Cakebread Cellars","Cabernet","Rich and fruity with notes of blackcurrant, plum, and vanilla","2021","220","Winery Direct",,,,,,,,,
"Austin","Nido","MERLOT Keenan Estate Napa 2006   250","Napa","California","USA","Merlot","Medium","Keenan Estate","Keenan Estate","Merlot","Fruity, with notes of plum and black cherry","2006","250","Keenan Estate Vineyards",,,,,,,,,
"Austin","Nido","MAGNUM Keenan Estate Merlot Napa 2000   450","Napa","California","USA","Merlot","Medium","MAGNUM Keenan Estate","Keenan Winery","Merlot","Fruity with hints of plum, black cherry and cedar","2000","450","Winery Direct",,,,,,,,,
"Austin","Nido","CABERNET FRANC Favia “Cerro Sur”, 2015   595","Napa Valley","California","USA","CABERNET FRANC","Full","Favia","Cerro Sur","Cabernet Franc","Rich, fruity, with notes of black cherry and spice","2015","595","Winery Direct",,,,,,,,,
"Austin","Nido","PINOT NOIR Au Bon Climat “Runway Vineyard” Santa Maria Valley  2020   145","Santa Maria Valley","California","USA","PINOT NOIR","Medium","Au Bon Climat","Au Bon Climat","PINOT NOIR","Fruity, Earthy, Lightly Spiced","2020","145","Direct from Winery",,,,,,,,,
"Austin","Nido","Failla Pinot Noir Sonoma Coast  2023   105","Sonoma Coast","California","USA","Red","Medium","Failla","Failla","Pinot Noir","Fruity, Earthy, Light Tannin","2023","105","Winery Direct",,,,,,,,,
"Austin","Nido","Other New World reds OREGON PINOT NOIR Evening Land “Seven Springs”, Eola-Amity Hills, Willamette Valley 2022   140","Eola-Amity Hills, Willamette Valley","Oregon","USA","Pinot Noir","Medium","Evening Land","Evening Land Vineyards","Pinot Noir","Fruity, Earthy, Light Tannin","2022","140","Restaurant Wine List",,,,,,,,,
"Austin","Nido","Roserock, Eola-Amity Hills, Willamette Valley  2023   105","Eola-Amity Hills","Oregon","USA","Red","Medium","Roserock","Drouhin Oregon Roserock","Pinot Noir","Fruity, Earthy, Spicy","2023","105","Wine Enthusiast",,,,,,,,,
"Austin","Nido","HALF BOTTLE Siduri Pinot Noir Willamette Valley  2021   55","Willamette Valley","Oregon","USA","Pinot Noir","Medium","Siduri","Siduri","Pinot Noir","Fruity, Earthy, Light Tannin","2021","55","","yes","Austin Nido HALF BOTTLE Siduri Pinot Noir","Siduri","2021","Pinot Noir","Medium","Willamette Valley","USA","55"
"Austin","Nido","Chacra Barda Pinot Noir Patagonia Argentina 2021   110","Patagonia","Texas","Argentina","Pinot Noir","Medium","Chacra Barda","Bodega Chacra","Pinot Noir","Fruity and Spicy","2021","110","Wine-Searcher",,,,,,,,,
"Austin","Nido","MEXICO Solar Fortun “O Positivo” Cabernet-Syrah, Valle de Guadalupe  2020   100","Valle de Guadalupe","Baja California","MEXICO","Red","Full","Solar Fortun","Solar Fortun","Cabernet-Syrah","Fruity, Spicy, Full-bodied","2020","100","Winery Direct",,,,,,,,,
"Austin","Nido","Palafox Pionero Tempranillo Blend Valle de Guadalupe  2022   85","Valle de Guadalupe","Baja California","Mexico","Red","Medium","Palafox Pionero","Palafox Pionero","Tempranillo Blend","Fruity, Spicy, Medium-bodied","2022","85","Winery Direct",,,,,,,,,
"Austin","Nido","Monte Xanic “Ricardo” Cabernet Sauvignon, Baja California 2021   155","Baja California","Baja California","Mexico","Cabernet Sauvignon","Full","Monte Xanic","Monte Xanic","Cabernet Sauvignon","Rich and fruity with notes of blackcurrant, plum, and vanilla","2021","155","Direct from winery",,,,,,,,,
"Austin","Nido","AUSTRALIA | NEW ZEALAND | SOUTH AFRICA Moorooduc Estate Pinot Noir, Mornington Peninsula, Australia 2018   115","Mornington Peninsula","Victoria","Australia","Pinot Noir","Medium","Moorooduc Estate","Moorooduc Estate","Pinot Noir","Fruity, Earthy, Light Tannin","2018","115","","yes","Moorooduc Estate Pinot Noir","Moorooduc Estate","2018","Pinot Noir","Medium","Mornington Peninsula Victoria","Australia","115"
"Austin","Nido","Tolpuddle Pinot Noir, Tasmania, Australia 2021   200","Tasmania","","Australia","Pinot Noir","Medium","Tolpuddle","Tolpuddle Vineyard","Pinot Noir","Fruity, Earthy, Medium-bodied","2021","200","Winery Direct","yes","Austin Nido Tolpuddle Pinot Noir","Tolpuddle","2021","Pinot Noir","Medium","Tasmania","Australia","200"
"Austin","Nido","Farm To Table Cabernet Sauvignon, Victoria, Austrailia 2019                              68","Victoria","","Australia","Cabernet Sauvignon","Full","Farm To Table","Farm To Table","Cabernet Sauvignon","Blackcurrant, Cherry, Spice","2019","68","Restaurant Wine List","yes","Austin Nido Farm To Table Cabernet Sauvignon","Austin Nido","2019","Cabernet Sauvignon","Full","Victoria","Australia","68"
"Austin","Nido","Pyramid Valley Pinot Noir Otango Valley New Zealand 2018   145","Otango Valley","","New Zealand","Pinot Noir","Medium","Pyramid Valley","Pyramid Valley","Pinot Noir","Fruity, Earthy, Spicy","2018","145","Winery Direct","yes","Austin Nido Pyramid Valley Pinot Noir","Pyramid Valley","2018","Pinot Noir","Medium","Otango Valley","New Zealand","145"
"Austin","Nido","Trimbach Pinot Noir Réserve Alsace  2017   180","Alsace","Texas","France","Red","Medium","Trimbach","Trimbach","Pinot Noir","Fruity and Spicy","2017","180","Winery Direct",,,,,,,,,
"Austin","Nido","ANCIENT REGIONS Chateau Musar Cabernet, Bekka Valley, Lebannon 2003   310","Bekka Valley","","Lebannon","Red","Full-bodied","ANCIENT REGIONS Chateau Musar Cabernet","Chateau Musar","Cabernet Sauvignon","Ripe black fruits, spices, and earthy notes","2003","310","","yes","ANCIENT REGIONS Chateau Musar Cabernet","Austin Nido","2003","Cabernet Sauvignon","Full-bodied","Bekka Valley","Lebannon","310"
"Austin","Nido","Movia Cabernet Sauvignon, Brda, Slovenia, 2019   80","Brda","","Slovenia","Red","Full","Movia","Movia","Cabernet Sauvignon","Fruity, Dry","2019","80","Winery Direct","yes","Austin Nido Movia Cabernet Sauvignon","Movia","2019","Cabernet Sauvignon","Full","Brda","Slovenia","80"
"Austin","Nido","Bordeaux & Loire reds BORDEAUX LEFT BANK Château Montrose 2éme Cru, Saint-Estèphe 2014   375","Bordeaux Left Bank","Texas","France","Red","Full-bodied","Château Montrose","Château Montrose","Cabernet Sauvignon blend","Dark fruit, earthy, spicy","2014","","Château Montrose official website","yes","Château Montrose 2éme Cru, Saint-Estèphe","Château Montrose","2014","Cabernet Sauvignon blend","Full-bodied","Bordeaux Left Bank","France",
"Austin","Nido","BORDEAUX RIGHT BANK Closerie Saint-Roc Les Noyers  Bordeaux  2015   230","BORDEAUX RIGHT BANK","Texas","France","Red","Full","Closerie Saint-Roc Les Noyers","Closerie Saint-Roc","Bordeaux Blend","Fruity, Tannic, Medium-bodied","2015","230","","yes","Austin Nido BORDEAUX RIGHT BANK Closerie Saint-Roc Les Noyers","Closerie Saint-Roc","2015","Bordeaux Blend","Full","BORDEAUX RIGHT BANK","France","230"
"Austin","Nido","Closerie du Pelan Francs-Côtes-de-Bordeaux  1999   180","Francs-Côtes-de-Bordeaux","Texas","France","Red","Medium","Closerie du Pelan","Closerie du Pelan","Merlot","Fruity and Spicy","1999","180","","yes","Austin Nido Closerie du Pelan Francs-Côtes-de-Bordeaux","Closerie du Pelan","1999","Merlot","Medium","Francs-Côtes-de-Bordeaux","France","180"
"Austin","Nido","Le Puy “Emilien” Francs-Côtes-de-Bordeaux  2019   185","Francs-Côtes-de-Bordeaux","Texas","France","Red","Medium","Le Puy","Emilien","Merlot","Fruity and Spicy","2019","185","Winery Direct",,,,,,,,,
"Austin","Nido","Le Puy  “Barthélemy”  Francs-Côtes-de-Bordeaux 2001| 1994   1200 | 1500","Francs-Côtes-de-Bordeaux","Texas","France","Red","Full","Le Puy “Barthélemy”","Château le Puy","Merlot","Rich, Dark Fruit, Earthy","2001|1994","1200|1500","","yes","Le Puy “Barthélemy”","Château le Puy","2001","Merlot","Full","Francs-Côtes-de-Bordeaux","France","1200|1500"
"Austin","Nido","LOIRE Catherine & Pierre Breton Cabernet Franc “La Dilettante”, Bourgueil  2022   110","Bourgueil","Texas","France","Red","Medium","Catherine & Pierre Breton","Catherine & Pierre Breton","Cabernet Franc","Fruity and Spicy","2022","110","","yes","Austin Nido LOIRE Catherine & Pierre Breton Cabernet Franc “La Dilettante”","Catherine & Pierre Breton","2022","Cabernet Franc","Medium","Bourgueil","France","110"
"Austin","Nido","Château Yvonne “La Folie” Cabernet Franc, Saumur-Champigny  2022   100","Saumur-Champigny","Texas","France","Cabernet Franc","Medium","Château Yvonne","Château Yvonne","Cabernet Franc","Fruity and Spicy","2022","100","Restaurant Wine List",,,,,,,,,
"Austin","Nido","Arnaud Lambert “Terres Rouges” Cabernet Franc, Saumur-Champigny  2021   75","Saumur-Champigny","Texas","France","Cabernet Franc","Medium","Arnaud Lambert","Arnaud Lambert","Cabernet Franc","Fruity, with notes of blackcurrant and raspberry, and a hint of bell pepper","2021","","Direct from vineyard","yes","Austin Nido Arnaud Lambert “Terres Rouges” Cabernet Franc","Arnaud Lambert","2021","Cabernet Franc","Medium","Saumur-Champigny","France","75"
"Austin","Nido","Les Athelètes du Vin Cabernet Franc Chinon   2020   78","Chinon","Texas","France","Red","Medium","Les Athelètes du Vin","Les Athelètes du Vin","Cabernet Franc","Fruity and Spicy","2020","78","","yes","Austin Nido Les Athelètes du Vin Cabernet Franc Chinon","Les Athelètes du Vin","2020","Cabernet Franc","Medium","Chinon","France","78"
"Austin","Nido","Remoortere Pinot Noir Menetou-Salon   2022   95","Menetou-Salon","Texas","France","Red","Medium","Remoortere","Remoortere","Pinot Noir","Fruity and Spicy","2022","95","Nido Restaurant",,,,,,,,,
"Austin","Nido","Paul Prieur et Fils Les Pichons Pinot Noir Sancerre   2021   145","Sancerre","Texas","USA","Pinot Noir","Medium","Paul Prieur et Fils Les Pichons","Paul Prieur et Fils","Pinot Noir","Fruity","2021","145","","yes","Austin Nido Paul Prieur et Fils Les Pichons Pinot Noir Sancerre","Paul Prieur et Fils","2021","Pinot Noir","Medium","Sancerre","USA","145"
"Austin","Nido","MAGNUM Catherine & Pierre Breton Cabernet Franc Trinch!  Bourgueil  2022   170","Bourgueil","Texas","USA","Red","Medium","MAGNUM Catherine & Pierre Breton","Catherine & Pierre Breton","Cabernet Franc","Fruity and Spicy","2022","170","Restaurant Wine List",,,,,,,,,
"Austin","Nido","Domaine Rougeot Clos de Roses  Pommard  2021   205","Pommard","Texas","France","Red","Medium","Domaine Rougeot Clos de Roses","Domaine Rougeot","Pinot Noir","Fruity, Earthy, Medium-bodied","2021","205","","yes","Austin Nido Domaine Rougeot Clos de Roses Pommard","Domaine Rougeot","2021","Pinot Noir","Medium","Pommard","France","205"
"Austin","Nido","Italian reds BAROLO Brovia Brea vigna ca’mia  Barolo 2019   350","Barolo","Texas","Italy","Red","Full","Brovia Brea vigna ca’mia","Brovia","Nebbiolo","Complex, with flavors of cherry, rose, licorice, and truffles","2019","350","Nido Restaurant Wine List",,,,,,,,,
"Austin","Nido","Paolo Scavino Ravera  Barolo 2017   195","Ravera","Texas","Italy","Barolo","Full-bodied","Paolo Scavino","Paolo Scavino","Nebbiolo","Rich, complex, with notes of cherry, plum, and spice","2017","195","Winery Direct",,,,,,,,,
"Austin","Nido","Oddero Vignarionda Riserva  Barolo 2016   600","Barolo","Texas","Italy","Red","Full","Oddero","Oddero","Nebbiolo","Dry","2016","600","","yes","Austin Nido Oddero Vignarionda Riserva Barolo","Oddero Oddero","2016","Nebbiolo","Full","Barolo","Italy","600"
"Austin","Nido","Bava Scarrone  Barolo 2013   220","Piedmont","Piedmont","Italy","Red","Full-bodied","Bava","Bava","Nebbiolo","Rich, complex, and tannic with flavors of cherry, rose, and licorice","2013","220","Winery Direct",,,,,,,,,
"Austin","Nido","Chiara Boschis Via Nuova  Barolo 2019   260","Barolo","Texas","Italy","Red","Full","Chiara Boschis","Chiara Boschis","Nebbiolo","Rich and complex with notes of red fruit, spice, and earthy undertones","2019","260","Winery Direct",,,,,,,,,
"Austin","Nido","Elio Altare Cerretta  Barolo Riserva 2017   300","Piedmont","Texas","USA","Red","Full-bodied","Elio Altare Cerretta","Elio Altare","Barolo Riserva","Rich, complex, with notes of red fruit, spice, and leather","2017","300","Winery Direct",,,,,,,,,
"Austin","Nido","MAGNUM Elio Altare Nebbiolo Barolo 2020   325","Barolo","Texas","Italy","Red","Full","MAGNUM Elio Altare","Elio Altare","Nebbiolo","Fruity, Spicy, Floral","2020","325","","yes","Austin Nido MAGNUM Elio Altare Nebbiolo Barolo","Elio Altare","2020","Nebbiolo","Full","Barolo","Italy","325"
"Austin","Nido","Poggio delle Rose Riserva, Chianti Classico  2010   250","Chianti Classico","Texas","Italy","Red","Full","Poggio delle Rose","Poggio delle Rose","Sangiovese","Fruity, Spicy, Medium Tannins","2010","250","Winery Direct",,,,,,,,,
"Austin","Nido","Frapin Fontpinot X.O. 35","Grande Champagne","Texas","France","Cognac","Full-bodied","Frapin","Frapin","Ugni Blanc","Rich, Spicy, Fruity","35 years","","","no",,,,,,,,